{"Name":"\u0425\u0443\u0439 \u0433\u043E\u0432\u043D\u043E \u0438 \u043C\u0443\u0440\u0430\u0432\u0435\u0439","Interval":{"Ticks":150000000,"Days":0,"Hours":0,"Milliseconds":0,"Minutes":0,"Seconds":15,"TotalDays":0.00017361111111111112,"TotalHours":0.004166666666666667,"TotalMilliseconds":15000,"TotalMinutes":0.25,"TotalSeconds":15},"Start":true}